class,mean,CI1,CI2,N,label
color,0.3125,0.15625,0.4375,32,"child-directed, 4, not binned"
age,0.2857142857142857,0.071428571428571425,0.5,14,"child-directed, 4, not binned"
material,0.0,0.0,0.0,3,"child-directed, 4, not binned"
value,0.73333333333333328,0.40000000000000002,0.8666666666666667,15,"child-directed, 4, not binned"
dimension,0.54545454545454541,0.43434343434343436,0.63636363636363635,99,"child-directed, 4, not binned"
physical,0.42857142857142855,0.14285714285714285,0.6428571428571429,14,"child-directed, 4, not binned"
dimension-age-physical,0.50393700787401574,0.40944881889763779,0.58267716535433067,127,"child-directed, 4, binned"
value,0.73333333333333328,0.40000000000000002,0.8666666666666667,15,"child-directed, 4, binned"
shape-color-material,0.2857142857142857,0.14285714285714285,0.42857142857142855,35,"child-directed, 4, binned"
